Text,gi√°
"g√≥i c·∫©n_th·∫≠n , t·ªët , h√†ng ƒë√∫ng chu·∫©n k√¨ h√†i_l√≤ng",1
"giao h√†ng si√™u , check m√£_v·∫°ch ok . kh√¥ng s·ª£ l·ª´a c·∫Øt . 5",1
shop ƒë√≥ng_g√≥i si√™u c·∫©n_th·∫≠n . giao h√†ng . h√†ng v·∫ª chu·∫©n,1
"mua h√†ng tiki , h√†ng ƒë√≥ng_g√≥i c·∫©n_th·∫≠n , ƒë·∫πp , s·∫£n_ph·∫©m y h√¨nh , d·ªÖ_th∆∞∆°ng . gi√° ti·ªÅn . giao h√†ng . ·ªßng_h·ªô tiki l√¢u_d√†i k·ª≥ h√†i_l√≤ng s·∫£n_ph·∫©m , m·∫π mua",1
"giao h√†ng , ƒë√∫ng s·∫£n_ph·∫©m , ƒë√≥ng_g√≥i ƒë·∫πp",1
"shop giao h√†ng , kh√¥ng nh∆∞ qu·∫£ng_c√°o nh·∫Øn_tin . nh·∫Øn shop to√†n tr·∫£_l·ªùi t·ª±_ƒë·ªông . m√£ gi·∫£m_gi√° h·∫°n kh√¥ng ƒëc . m√£i kh√¥ng giao . ch√°n th√°i_ƒë·ªô .",-1
mua 12 / 2 18 / 2 giao . ƒë√≥ng_g√≥i kh√¥ng k·ªπ l·∫Øm . test m√£_v·∫°ch h√¨nh . ch∆∞a kh√¥ng ch·∫•t_l∆∞·ª£ng,1
tem cty ƒë·∫ßy_ƒë·ªß . gi√°_c·∫£ . ko m·∫•t ship . ·ªßng_h·ªô shop l√¢u_d√†i,1
"kb s·ªØa ngu·ªìn_g·ªëc nh∆∞ , kh√¥ng th∆°m , nh∆∞_kh√¥ng v·ªã b√©o nh∆∞ s·ªØa a2 mua ch·ªó quen tr·ª´ shop r·∫ª ch·ªó m mua 100k : )",-1
"gi√° r·∫ª , s·∫£n_ph·∫©m h√£ng , ·ªßng_h·ªô ti·∫øp . m·∫π mua k√¨ h√†i_l√≤ng",1
h√†ng mua ch∆∞a ch∆∞a ch·∫•t_l∆∞·ª£ng h√£ng y√™n_t√¢m k√¨ h√†i_l√≤ng,1
2 mua shop . h√†ng ƒë·ªß tem m√°c . ch·∫•t_l∆∞·ª£ng ok . hy_v·ªçng ni·ªÅm ƒë√∫ng ch·ªó . shop ƒë√≥ng_g√≥i c·∫©n_th·∫≠n . giao h√†ng j & t . tks,1
"s·∫£n_ph·∫©m h√£ng , gi√° c·∫°nh_tranh . thanks_tiki . ·ªßng_h·ªô .",1
"h√†ng chu·∫©n , tiki giao h√†ng , balo mini g·ªçn y√™u l·∫Øm mua",1
"kh√¥ng 5 tem c√†o r√°ch m·ªôt_ch√∫t , tin_t∆∞·ªüng kh√¥ng h√†ng gi·∫£",-1
"kh√¥ng ho√°_ƒë∆°n , tem r√°ch , ƒë√≥ng_g√≥i kh√¥ng c·∫©n_th·∫≠n h√†i_l√≤ng",1
"h√†ng chu·∫©n , giao h√†ng . k√¨ h√†i_l√≤ng",1
"h√†ng chu·∫©n , check m√£_v·∫°ch , ƒë√≥ng_g√≥i , giao h√†ng",1
"mua shop , s·ªØa check m√£ v·ªè ch√†y x∆∞·ªõc b·ªçc k·ªπ_c√†ng . giao h√†ng b·ªçc c·∫©n_th·∫≠n",1
h√†ng_h√≥a m√©o h·ªôp . v·ªè n·∫Øp h·ªôp nhƒÉn_nheo . kh√¥ng ch·∫•t_l∆∞·ª£ng ƒë√∫ng chu·∫©n enfa ko ? h√†ng t·∫∑ng kh√¥ng h√¨nh_·∫£nh . m√©o,-1
"h∆°i bao_b√¨ m·∫•y lon mua tiki , qu√©t m√£ th√¥ng_tin ƒë√∫ng , v·ªã th∆°m ngon",1
shop g√≥i c·∫©n_th·∫≠n h·ªôp kh√¥ng m√≥p . check code . hi_v·ªçng b√© ·ªïn .,1
"giao h√†ng c·ª±c b·ªâm chu·∫©n m·∫∑c m·ªèng nh·∫π , m·ªÅm ·ªßng_h·ªô ti·∫øp",1
h√†ng h√£ng giao h√†ng . gi√° canh sale m·ªÅm chu·∫©n,1
"h√†ng chu·∫©n , ·ªßng ·ªân ch·∫ø d√†i_d√†i !",1
mua shop . h√†ng chu·∫©n . giao h√†ng . ·ªßng_h·ªô shop,1
"giao h√†ng k·ªπ , h√†ng h√£ng , ·ªßng_h·ªô ti·∫øp k√¨ h√†i_l√≤ng",1
"mua 2 , giao h√†ng , ƒë√≥ng_g√≥i c·∫©n_th·∫≠n , s·∫£n_ph·∫©m tem nh√£n ph·ª• ti·∫øng vi·ªát ƒë·∫ßy_ƒë·ªß . shop",1
check m√£_v·∫°ch kh√¥ng hi·ªÉn_th·ªã s·∫£n_ph·∫©m,1
"h√†ng . shop ƒë√≥ng_g√≥i c·∫©n_th·∫≠n , giao h√†ng , s·ªØa chu·∫©n u·ªëng ngon . mua th∆∞·ªùng_xuy√™n shop . h√†i_l√≤ng .",1
ƒë√∫ng h√£ng t·ªët mua k√¨ h√†i_l√≤ng,1
"tin_t∆∞·ªüng s·∫£n_ph·∫©m shop , tem r√µ_r√†ng , g√≥i c·∫©n_th·∫≠n , ·ªßng_h·ªô shop ti·∫øp",1
h√†ng y_nh∆∞ h√¨nh ch·∫•t_l∆∞·ª£ng oke,1
"ƒë√≥ng_g√≥i s·∫£n_ph·∫©m c·∫©n_th·∫≠n , s·∫£n_ph·∫©m ƒë√∫ng m√¥_t·∫£ , ch·∫•t_l∆∞·ª£ng s·∫£n_ph·∫©m t·ªët",1
giao h√†ng d·ª±_ki·∫øn . h√†ng t·ªët . h√£ng . c√°m_∆°n tiki k√¨ h√†i_l√≤ng,1
"mua . ch·∫•t_l∆∞·ª£ng t·ªët , gi√°_th√†nh r·∫ª mua . tem ƒë·∫ßy_ƒë·ªß",1
giao h√†ng . g√≥i h√†ng ch√®n x·ªëp m√©o h·ªôp . tem d√°n ch·ªëng h√†ng gi·∫£,1
t√£ m·ªÅm m·ªãn . h√†ng chu·∫©n . ƒë√≥ng_g√≥i c·∫©n_th·∫≠n . mua gi√° sale r·∫ª chu·∫©n h√£ng,1
h√†ng h√£ng . t·ªët k√¨ h√†i_l√≤ng,1
h√†ng giao ƒë√∫ng nh∆∞ qu·∫£ng_c√°o . ko k·ªãp ch·ª•p h√¨nh h√¨nh ƒë·ª° .,1
s·ªØa h√£ng gi√° c·ª±c t·ªët nha . mua lo·∫°i ti·∫øt_ki·ªám l·∫Øm . mua . c√°m_∆°n shop,1
lon h∆°i m√£ sp . ch∆∞a khui lon ch∆∞a ch·∫•t_l∆∞·ª£ng,1
s·∫£n_ph·∫©m h√£ng . shop giao h√†ng . hi,1
u·ªëng qu√™n ch·ª•p ·∫£nh . h√†ng h√£ng . s·ªØa ngon ng·∫≠y th∆°m .,1
h√†ng oke h√£ng gi√° t·ªët ·ªßng_h·ªô shop .,1
chek m√£_v·∫°ch h√†ng chu·∫©n √∫c,1
"h√†i_l√≤ng giao mua r , ch·∫•t , mua",1
shop giao h√†ng . g√≥i h√†ng c·∫©n_th·∫≠n . h√†ng chu·∫©n ok . gi√° r·∫ª . d·ªãch sƒÉn voucher mua t√≠ch_tr·ªØ d·∫ßn,1
ƒë√≥ng_g√≥i c·∫©n_th·∫≠n giao h√†ng nhanh_ch√≥ng . s·ªØa s·∫£n_ph·∫©m uy_t√≠n . m·∫π y√™n_t√¢m shop ph·ª•c_v·ª• .,1
"h√†ng h√£ng , h·∫°n , shop g√≥i mi·∫øng x·ªëp , kh√¥ng th√¢n_thi·ªán m√¥i_tr∆∞·ªùng .",1
s·∫£n_ph·∫©m t·ªët . uy_t√≠n ch·∫•t_l∆∞·ª£ng . ·ªßng_h·ªô shop d√†i_d√†i,1
"giao h√†ng , h√¥m_nay_mai , s·∫£n_ph·∫©m h√†ng g·ªëc",1
ƒë√≥ng_g√≥i . giao si√™u üòª h√†ng c√¥ng_ty ƒë·ª° lo tr√∫ng h√†ng gi·∫£ !,1
"s·∫£n_ph·∫©m t·ªët , h√£ng , b√© m·∫∑c tho·∫£i_m√°i , thanks tiki",1
"h√†ng ƒë√∫ng , r·∫ª ok . th·ª≠ b√© ·ªßng_h·ªô shop ti·∫øp .",1
"giao h√†ng , qu√©t m√£ s·∫£n_ph·∫©m h√£ng k√¨ h√†i_l√≤ng",1
s·∫£n_ph·∫©m t·ªët giao h√†ng chu·∫©n s·ªØa √∫c h·∫°n ·ªßng_h·ªô ti·∫øp,1
"s·ªØa chu·∫©n , ƒë√≥ng_g√≥i c·∫©n_th·∫≠n , mua 3 - 4 shop ·ªßng_h·ªô",1
"s·ªØa h√£ng , mua shop . shop flash sale",1
ch∆∞a h·ªôp v·∫ª chu·∫©n .,1
"ƒë√≥ng h√†ng , s·∫£n_ph·∫©m chu·∫©n k√¨ h√†i_l√≤ng",1
gi√°_c·∫£ kh√¥ng r·∫ª ƒë√≥ng_g√≥i giao h√†ng h√†ng ƒë·ªß tem,1
"h√†ng ƒë√∫ng nh∆∞ h√¨nh , ch·∫•t_l∆∞·ª£ng ·ªïn , gi√° h·ª£p_l√≠ , giao h√†ng k√¨ h√†i_l√≤ng",1
"k√©n ch·ªó mua l·∫Øm , s·ª£ s·ªØa gi·∫£ , ma tiki y√™n_t√¢m , tiki t·ªët l·∫Øm t√¢m mua tiki",1
giao h√†ng . ƒë√≥ng_g√≥i h√†ng c·∫©n_th·∫≠n . h√†ng h√£ng . hsd_d√†i,1
"h√†ng giao y h√¨nh . ƒë√≥ng_g√≥i c·∫©n_th·∫≠n . giao h√†ng , chu_ƒë√°o . c√°m_∆°n tiki ! k√¨ h√†i_l√≤ng",1
h√†ng chu·∫©n gi√° t·ªët,1
tiki giao h√†ng h√†ng ƒë√∫ng chu·∫©n üëç k√¨ h√†i_l√≤ng,1
"s·∫£n_ph·∫©m t·ªët , ƒë√∫ng nh∆∞ qu·∫£ng_c√°o . , giao h√†ng h∆°i m·ªôt_ch√∫t . k√¨ h√†i_l√≤ng",1
giao h√†ng . s·ªØa check m√£_v·∫°ch . giao nowship s·ªØa t√∫i kh√¥ng ƒë∆°n b·ªçc g√≥i,1
h√†ng chu·∫©n gi√° oke ·ªßng h·ªçp shop ti·∫øp,1
"shop l√†m_ƒÉn t√¢m l·∫Øm , giao h√†ng ƒë√∫ng h√¨nh , ƒë√≥ng_g√≥i c·∫©n_th·∫≠n giao h√†ng ·ªßng h√¥ shop",1
"bao_b√¨ ki·ªÉu b√≥ng m·ªù , h∆°i lo·∫°i mua . kh√¥ng tnao .",1
h√†ng ƒë√∫ng chu·∫©n ·ªßng_h·ªô shop d√†i_d√†i gi√°_c·∫£ r·∫ª th·ªã_tr∆∞·ªùng .,1
"shop giao h√†ng , s·∫£n_ph·∫©m , bao_b√¨ , tem ch·ªëng h√†ng gi·∫£ d√°n nh√£n ti·∫øng vi·ªát r√µ_r√†ng , ·ªßng_h·ªô shop",1
gi√° t·ªët . h·∫°n . h√†ng chu·∫©n m√πi th∆°m d·ªãu nh·∫π d·ªÖ_ch·ªãu . k√¨ h√†i_l√≤ng,1
ch·∫•t_l∆∞·ª£ng oke h√†ng ƒë√∫ng h√¨nh ch∆∞a ch∆∞a ch·∫•t_l∆∞·ª£ng,1
h√†ng si√™u nhanh_ch√≥ng ·ªßng_h·ªô shop d√†i_d√†i tem chu·∫©n üòÅ,1
"s·ªØa tem ƒë·∫ßy_ƒë·ªß , t·ªôi h·ªôp s·ªØa m√≥p m·∫∑c_d√π ƒë√≥ng_g√≥i c·∫©n_th·∫≠n . kh√¥ng x·ªãn kh√¥ng . gi·∫£i_ƒë√°p th·∫Øc_m·∫Øc , mua ti·∫øp .",-1
h√†ng chu·∫©n h·∫°n nha ! shop h√†ng ! mua !,1
giao h√†ng h√†ng chu·∫©n ch·∫•t_l∆∞·ª£ng t·ªët gi√° r·∫ª mua,1
"s·∫£n_ph·∫©m nh∆∞ mi√™u_t·∫£ , shop b·ªçc c·∫©n_th·∫≠n , kh√¥ng m√≥p m√©o . ch·∫•t_l∆∞·ª£ng ch∆∞a ch∆∞a . mua th·ª≠ 1 h·ªôp , ·ªïn ti·∫øp .",1
h√†ng r√πi . shop . h√†ng giao ƒë√∫ng nh∆∞ th√¥ng_tin s·∫£n_ph·∫©m 7 / 2021 . ·ªßng_h·ªô shop nha .,1
s·∫£n_ph·∫©m nh∆∞ h√¨nh k√¨ h√†i_l√≤ng,1
mua shop . h√†ng chu·∫©n tem m√°c ƒë·∫ßy_ƒë·ªß . giao h√†ng si√™u . ·ªßng_h·ªô ti·∫øp,1
ch·∫•t_l∆∞·ª£ng s·∫£n_ph·∫©m tuy·ªát_v·ªùi ƒë√≥ng_g√≥i s·∫£n_ph·∫©m ƒë·∫πp giao h√†ng h√£ng,1
"giao h√†ng , ƒë√≥ng_g√≥i c·∫©n_th·∫≠n , s·ªØa nguy√™n tem , nh√£n , h·∫°n",1
"giao h√†ng , ƒë√≥ng_g√≥i , h√†ng chu·∫©n",1
mua s·ªØa gi√° r·∫ª tr√¥ng s·ªØa h√£ng v·ªçng h√†ng ch·∫•t_l∆∞·ª£ng,1
